"gc_content","RNA_type","RNA_region","exon_length","distance_to_junction","evolutionary_conservation","DNA_5mer"
0.63681592039801,"mRNA","CDS",10.7670809250743,8.88264304936184,0.249751243781095,"GAACA"
0.427860696517413,"mRNA","3'UTR",6.79116288855502,3.16992500144231,0.528358208955224,"GAACC"
0.398009950248756,"lncRNA","intron",0,13.852236883385,0.0522388059701493,"AAACT"
0.626865671641791,"mRNA","3'UTR",9.07948478382682,8.35314682549808,0.00497512437810945,"GGACT"
0.442786069651741,"mRNA","3'UTR",12.7741693353182,10.3353903546939,0.00696517412935323,"GGACT"
0.507462686567164,"mRNA","3'UTR",7.79279029430106,0,0.481592039800995,"AGACT"
0.606965174129353,"mRNA","CDS",7.63662462054365,6.49185309632967,0.730348258706468,"GGACA"
0.487562189054726,"mRNA","3'UTR",10.1459321458205,8.58496250072116,0.0880597014925373,"AAACC"
0.368159203980099,"mRNA","3'UTR",10.626393504174,5.4262647547021,0.716417910447761,"TAACT"
0.656716417910448,"mRNA","CDS",7.27301849440642,4,0.203980099502488,"AAACC"
0.417910447761194,"mRNA","3'UTR",12.0867996856235,11.5849625007212,0.679601990049752,"GAACT"
0.467661691542289,"mRNA","3'UTR",12.8978454560055,11.8575922856975,0.00149253731343284,"AAACT"
0.432835820895522,"mRNA","CDS",11.3224915375975,6.49185309632967,0.669651741293532,"GAACA"
0.502487562189055,"lncRNA","intron",0,7.876516946565,0,"AAACT"
0.427860696517413,"mRNA","3'UTR",11.4619909505856,9.64205169292798,0.235820895522388,"GGAAG"
0.583333333333333,"mRNA","5'UTR",8.83289001416474,8.32192809488736,0.662686567164179,"CCAGG"
0.477611940298507,"lncRNA","intron",10.7846348455575,18.510014629628,0.887064676616915,"GGACT"
0.407960199004975,"mRNA","CDS",7.467605550083,2,0.572139303482587,"TAACA"
0.641791044776119,"mRNA","CDS",10.4918530963297,7.43462822763672,0.511940298507463,"AGACA"
0.308457711442786,"mRNA","3'UTR",10.9701058906122,10.1598713367784,0.999502487562189,"TGACA"
0.681592039800995,"mRNA","3'UTR",9.87549339558848,8.68999797141945,0.0945273631840796,"TGACA"
0.54228855721393,"mRNA","CDS",6.5077946401987,5.39231742277876,0.435820895522388,"TAACT"
0.54228855721393,"mRNA","CDS",11.2562086885274,3,0.501492537313433,"GAACA"
0.358208955223881,"mRNA","CDS",11.9806751323224,9.7797193551434,0.780597014925373,"AAACT"
0.462686567164179,"mRNA","CDS",12.2054878201506,6.32192809488736,0.742786069651741,"GAACT"
0.462686567164179,"mRNA","3'UTR",11.9908130791536,9.61286849729104,0.0402985074626866,"AAACC"
0.626865671641791,"mRNA","CDS",10.0073777333213,6.28540221886225,0.840796019900498,"TGACA"
0.641791044776119,"lncRNA","intron",0,14.3409627642517,0.00248756218905473,"AGATC"
0.472636815920398,"mRNA","CDS",7.27612440527424,5.61470984411521,0.15273631840796,"AAACT"
0.621890547263682,"mRNA","CDS",9.56985560833095,8.35755200461808,0.307462686567164,"GGACA"
0.621890547263682,"mRNA","CDS",10.140829770773,8.77478705960117,0.651243781094528,"AGACA"
0.572139303482587,"mRNA","CDS",9.72109918870719,9.37286506011259,0.609452736318408,"GGACC"
0.388059701492537,"mRNA","CDS",10.6483575820097,9.54496443278924,0.5318407960199,"TAACA"
0.651741293532338,"mRNA","3'UTR",10.6397928932793,9.91737207947684,0,"AGACA"
0.666666666666667,"lincRNA","intron",11.2778685461768,17.2448562209259,0.00149253731343284,"GGACC"
0.45771144278607,"mRNA","3'UTR",10.5425482623352,9.9915218460757,0.00199004975124378,"TGACA"
0.527363184079602,"lncRNA","intron",10.4614794472862,14.645095473397,0.66865671641791,"TGACA"
0.661691542288557,"mRNA","5'UTR",9.19475685442225,7.82654848729092,0.164179104477612,"AGACT"
0.601990049751244,"lncRNA","intron",0,10.3230547603416,0.0606965174129353,"GAACT"
0.492537313432836,"mRNA","CDS",8.18982455888002,5.32192809488736,0.688557213930348,"TGACA"
0.412935323383085,"mRNA","intron",9.46964181723952,14.4244287640378,0.98407960199005,"TAACA"
0.527363184079602,"mRNA","3'UTR",11.3853231761759,10.4553272203046,0.026865671641791,"AGACC"
0.572139303482587,"mRNA","3'UTR",11.7215264640075,9.26209484537018,0.0134328358208955,"GGACC"
0.631840796019901,"mRNA","CDS",11.4898479604393,8.40087943628218,0.650746268656716,"AGACA"
0.432835820895522,"mRNA","CDS",7.24792751344359,4.39231742277876,0.591044776119403,"TGACA"
0.597014925373134,"mRNA","CDS",11.5313814605163,8.66533591718518,0.41044776119403,"GAACT"
0.562189054726368,"mRNA","3'UTR",9.91737207947684,9.26209484537018,0.242786069651741,"GGACA"
0.388059701492537,"mRNA","CDS",9.43671154213721,6.16992500144231,0.843283582089552,"AAACA"
0.597014925373134,"mRNA","CDS",7.25738784269265,2.32192809488736,0.476119402985075,"AAACA"
0.527363184079602,"mRNA","intron",9.17990909001493,8.98584193700334,0.721393034825871,"GGACA"
0.45273631840796,"mRNA","CDS",7,5.95419631038687,0.371144278606965,"GGACC"
0.432835820895522,"mRNA","intron",10.6193029554157,7.20945336562895,0.0303482587064677,"AAACC"
0.388059701492537,"mRNA","intron",9.82177398197057,4.32192809488736,0.310945273631841,"GAACT"
0.467661691542289,"mRNA","3'UTR",12.3409627642517,10.0361736125535,0.115422885572139,"GGACC"
0.472636815920398,"mRNA","CDS",8.87241837835138,5.83289001416474,0.681094527363184,"TAACC"
0.527363184079602,"mRNA","CDS",11.0450770519349,8.96289600533726,0.797512437810946,"TGACT"
0.601990049751244,"mRNA","CDS",7.98868468677217,5.4594316186373,0.669651741293532,"GGACC"
0.666666666666667,"mRNA","5'UTR",6.98868468677217,4.32192809488736,0.916915422885572,"GCAGG"
0.567164179104478,"mRNA","3'UTR",13.5505063161701,12.9057630496028,0.00696517412935323,"AAACT"
0.383084577114428,"mRNA","intron",8.90086680798075,5.4594316186373,0.0696517412935323,"AGACC"
0.338308457711443,"mRNA","3'UTR",13.1999790076159,12.99116750614,0.0114427860696517,"GAACT"
0.671641791044776,"mRNA","CDS",10.9425145053392,9.868822554775,0.77363184079602,"AGACC"
0.572139303482587,"mRNA","5'UTR",8.61049759282829,5.4594316186373,0.0054726368159204,"GAAAT"
0.756218905472637,"mRNA","intron",0,8.06069593168755,0.108955223880597,"GCAGG"
0.705202312138728,"mRNA","5'UTR",7.95806931953408,7.4178525148859,0.702487562189055,"CTATA"
0.447761194029851,"mRNA","3'UTR",7.56224242422107,6.4594316186373,0.91592039800995,"TGACC"
0.532338308457711,"mRNA","CDS",8.07859560349612,6.14974711950468,0.48407960199005,"AGACA"
0.502487562189055,"lncRNA","intron",0,13.2723381841586,0.00199004975124378,"GGACA"
0.597014925373134,"mRNA","CDS",7.09803208296053,4.08746284125034,0.533830845771144,"AGACT"
0.582089552238806,"mRNA","3'UTR",10.1548181090521,9.2045711442492,0.5,"GGACC"
0.606965174129353,"lncRNA","intron",0,11.0647427647503,0.000995024875621891,"GGACA"
0.522388059701492,"lincRNA","intron",10.7021726853655,10.635718120331,0.0796019900497513,"TGACC"
0.393034825870647,"mRNA","3'UTR",8.48381577726426,6.53915881110803,0.78457711442786,"GAACA"
0.552238805970149,"mRNA","CDS",7.09803208296053,6.08746284125034,0.742786069651741,"GAACT"
0.522388059701492,"mRNA","3'UTR",11.8093662078161,10.18982455888,0.0189054726368159,"GGACA"
0.616915422885572,"mRNA","CDS",7.58871463558226,3,0.528358208955224,"GAACT"
0.646766169154229,"mRNA","3'UTR",11.7385145324293,9.36413465500805,0,"GGACA"
0.497512437810945,"mRNA","3'UTR",10.8560363998192,8.29462074889163,0.0228855721393035,"TGACT"
0.582089552238806,"mRNA","CDS",9.31854280970272,3.32192809488736,0.561194029850746,"GGACC"
0.398009950248756,"mRNA","3'UTR",9.4586116725846,5.20945336562895,0.650248756218905,"GAACA"
0.442786069651741,"mRNA","5'UTR",9.43948462331949,6,0.0676616915422886,"GGACA"
0.45273631840796,"mRNA","CDS",10.1619716356511,6.97727992349992,0.779601990049751,"AAACT"
0.432835820895522,"mRNA","3'UTR",10.0566377151132,8.58871463558226,0.82139303482587,"GAACA"
0.497512437810945,"mRNA","intron",11.0801513096141,8.13955135239879,0.174626865671642,"GAACT"
0.567164179104478,"mRNA","CDS",8.31741261376487,6.3037807481771,0.777611940298508,"GAACC"
0.641791044776119,"mRNA","3'UTR",9.64024493622235,6.20945336562895,0.35771144278607,"GAACC"
0.72636815920398,"mRNA","CDS",7.45395648857115,6.04439411935845,0.842786069651741,"GAACC"
0.54726368159204,"mRNA","CDS",9.71630503984442,6.55458885167764,0.307462686567164,"TGACC"
0.398009950248756,"mRNA","intron",0,14.1039434298916,0.106467661691542,"AGAGC"
0.552238805970149,"mRNA","3'UTR",10.8073549220576,9.81217730551445,0.271144278606965,"TAACA"
0.626865671641791,"mRNA","3'UTR",8.59479111808927,5.95419631038687,0.652238805970149,"GAACA"
0.666666666666667,"mRNA","5'UTR",8.57364718749332,5.90689059560852,0.317910447761194,"GGACC"
0.422885572139304,"mRNA","CDS",6.97727992349992,3.4594316186373,0.38955223880597,"AGACC"
0.587064676616915,"mRNA","3'UTR",12.634357301138,12.4470832262097,0,"AAACT"
0.786069651741294,"mRNA","5'UTR",9.98797452429615,9.43045255166553,0.11044776119403,"GAACT"
0.443820224719101,"mRNA","3'UTR",9.50977500432694,9.34872815423108,0.668159203980099,"TGACC"
0.681592039800995,"mRNA","CDS",7.41953889151378,5,0.604975124378109,"AGAGG"
0.422885572139304,"mRNA","3'UTR",8.3037807481771,5.6724253419715,0.967164179104478,"TGACC"
0.661016949152542,"lncRNA","intron",6.32192809488736,6.3037807481771,0.0054726368159204,"GCATT"
0.477611940298507,"mRNA","3'UTR",12.6456584324087,7.82654848729092,0.817910447761194,"AGACA"
